{"BeetleFly": {"l2": [0.595877468585968, 1.0540566444396973, 1.0943249464035034, 0.9737429618835449, 0.6517963409423828, 0.7156829833984375, 0.6773949265480042, 1.2166903018951416, 1.0903433561325073, 0.6632058024406433, 0.4452756345272064, 0.45312196016311646, 0.6081417798995972, 0.43719902634620667, 1.2434450387954712, 1.1820402145385742, 0.742997944355011, 0.8426852226257324, 0.8525556325912476, 0.855160653591156, 0.8191182017326355, 0.7225694060325623, 0.7899202108383179, 0.6658464670181274, 0.7145270109176636, 0.7850207090377808, 0.48388949036598206, 1.1037944555282593, 1.1871658563613892, 0.5135741233825684, 0.5188555121421814, 0.6233624815940857, 0.6483314037322998, 0.46531927585601807, 0.4661335051059723, 0.30522894859313965, 0.30785107612609863, 0.8279324173927307, 0.6288650035858154, 0.19976668059825897], "l1": [6.766983985900879, 14.019316673278809, 9.767416954040527, 12.653186798095703, 7.51942253112793, 9.673523902893066, 9.038606643676758, 14.359554290771484, 13.688302993774414, 7.59608268737793, 4.339402198791504, 4.582324981689453, 5.834348201751709, 4.399264335632324, 11.595590591430664, 12.714397430419922, 7.824695587158203, 8.603981018066406, 9.004520416259766, 9.069993019104004, 9.290771484375, 8.564300537109375, 9.708420753479004, 6.904838562011719, 8.158169746398926, 8.421730041503906, 4.666590213775635, 14.028409957885742, 14.688718795776367, 5.943669319152832, 4.450623989105225, 6.454179763793945, 6.477149963378906, 4.47420597076416, 4.058083534240723, 2.2433319091796875, 3.1701173782348633, 8.234107971191406, 5.951266288757324, 1.6752358675003052], "fid": [0.595877468585968, 1.0540566444396973, 1.0943249464035034, 0.9737429618835449, 0.6517963409423828, 0.7156829833984375, 0.6773949265480042, 1.2166903018951416, 1.0903433561325073, 0.6632058024406433, 0.4452756345272064, 0.45312196016311646, 0.6081417798995972, 0.43719902634620667, 1.2434450387954712, 1.1820402145385742, 0.742997944355011, 0.8426852226257324, 0.8525556325912476, 0.855160653591156, 0.8191182017326355, 0.7225694060325623, 0.7899202108383179, 0.6658464670181274, 0.7145270109176636, 0.7850207090377808, 0.48388949036598206, 1.1037944555282593, 1.1871658563613892, 0.5135741233825684, 0.5188555121421814, 0.6233624815940857, 0.6483314037322998, 0.46531927585601807, 0.4661335051059723, 0.30522894859313965, 0.30785107612609863, 0.8279324173927307, 0.6288650035858154, 0.19976668059825897], "validity": [0.0, 0.0, 0.0, 0.0, 0.0, 0.0, 0.0, 0.0, 0.0, 0.0, 1.0, 1.0, 1.0, 1.0, 1.0, 1.0, 1.0, 1.0, 1.0, 1.0, 0.0, 0.0, 0.0, 0.0, 0.0, 0.0, 0.0, 0.0, 0.0, 0.0, 1.0, 1.0, 1.0, 1.0, 1.0, 1.0, 1.0, 1.0, 1.0, 1.0], "target_class_proba": [0.37642979621887207, 0.040453385561704636, 0.18848870694637299, 0.29343175888061523, 0.4343660771846771, 0.3739842474460602, 0.3635031282901764, 0.10353555530309677, 0.2105623334646225, 0.2949255406856537, 0.764833927154541, 0.7612217664718628, 0.7307881116867065, 0.771181583404541, 0.6954719424247742, 0.6842568516731262, 0.7078896164894104, 0.698013424873352, 0.6923736333847046, 0.7042428255081177, 0.3265819847583771, 0.254485547542572, 0.24291947484016418, 0.3938693404197693, 0.2606140077114105, 0.3178374767303467, 0.482658326625824, 0.09648528695106506, 0.08224672824144363, 0.27361971139907837, 0.7650781273841858, 0.7385461330413818, 0.7275017499923706, 0.7459734678268433, 0.7545325756072998, 0.8056526780128479, 0.5743522047996521, 0.7210214138031006, 0.7236586213111877, 0.6675039529800415], "spectral_similarity": [0.9997333956548373, 0.9991037210974685, 0.9990155965919504, 0.9992244812450124, 0.9997046112680683, 0.9996076650849509, 0.9996654796247485, 0.9987597120999177, 0.998981237741433, 0.9996694232069903, 0.9999125140140053, 0.9998916809784405, 0.9998094117735857, 0.9999109488023088, 0.9992086756004442, 0.9993474798252575, 0.9997286652620345, 0.9996562635491926, 0.9996453096655279, 0.99961620541313, 0.9994622055344902, 0.9995884881219497, 0.9995019981202148, 0.9996480423984457, 0.99960902174271, 0.9995147928379405, 0.9998330082109944, 0.9990491680736372, 0.998806972984818, 0.9998059622384093, 0.9998660375827758, 0.9998257427045695, 0.9997892558940098, 0.9998907810747747, 0.9999108176881958, 0.9999524486986323, 0.9999464963235419, 0.9996676039568736, 0.9998202115318358, 0.9999790603007596], "autocorrelation": [0.9999870838404553, 0.9999536240222947, 0.999930677055403, 0.9999355021226017, 0.9999904852189435, 0.9999823401880203, 0.9999890654201943, 0.999823184527329, 0.9998761327889225, 0.9999909335654456, 0.9999996232624313, 0.9999975265494795, 0.999999055436148, 0.999998755453506, 0.9999880695563416, 0.9999892134014202, 0.9999982655009177, 0.9999978190594092, 0.9999984610533238, 0.9999972031992053, 0.9999813965487006, 0.9999872104157426, 0.9999793946259024, 0.9999901184503132, 0.9999791472983424, 0.9999791527568022, 0.9999961248097048, 0.9999231584327659, 0.9998949942404316, 0.9999934475401963, 0.9999991265828161, 0.999998352107504, 0.9999968531157349, 0.9999992237116497, 0.9999997351963618, 0.999999890132683, 0.9999992805767184, 0.9999965020604071, 0.9999990768079751, 0.9999999273692181], "sparsity": [0.38671875, 0.509765625, 0.333984375, 0.525390625, 0.37890625, 0.48828125, 0.490234375, 0.47265625, 0.48046875, 0.39453125, 0.2421875, 0.25390625, 0.236328125, 0.2578125, 0.287109375, 0.3203125, 0.2890625, 0.287109375, 0.302734375, 0.3125, 0.380859375, 0.4140625, 0.458984375, 0.36328125, 0.365234375, 0.3671875, 0.283203125, 0.49609375, 0.45703125, 0.365234375, 0.205078125, 0.28125, 0.267578125, 0.23046875, 0.193359375, 0.138671875, 0.259765625, 0.28125, 0.234375, 0.162109375]}, "BirdChicken": {"l2": [0.3302823007106781, 0.3302016258239746, 0.3770475685596466, 0.3068573772907257, 0.2447344809770584, 0.2479470670223236, 0.5003893375396729, 0.40684187412261963, 0.3825837969779968, 0.41257768869400024, 1.0606224536895752, 0.8677790760993958, 0.7903270721435547, 0.8894323706626892, 0.8940679430961609, 0.8226439356803894, 0.9614343047142029, 0.7997555732727051, 0.3754515051841736, 0.41115933656692505, 0.35588574409484863, 0.4099384546279907, 0.4441996216773987, 0.3316323757171631, 0.3215020000934601, 0.3095976412296295, 0.4876122772693634, 0.45750197768211365, 0.45111384987831116, 0.3293035328388214, 0.6911785006523132, 0.2161296308040619, 0.23745398223400116, 0.6506623029708862, 1.005314826965332, 1.0276705026626587, 0.3363264799118042, 0.18885844945907593, 0.8373390436172485, 0.7295854091644287], "l1": [4.2467756271362305, 4.511761665344238, 5.302698135375977, 4.092894554138184, 3.0136561393737793, 3.1944360733032227, 7.343097686767578, 5.8618268966674805, 5.419681549072266, 5.954387664794922, 15.185997009277344, 12.115948677062988, 11.031351089477539, 12.532634735107422, 12.950738906860352, 12.032955169677734, 15.447547912597656, 12.675195693969727, 4.983990669250488, 5.742191791534424, 4.787138938903809, 5.900779724121094, 6.37479829788208, 4.293557643890381, 4.230950355529785, 2.9743525981903076, 5.649979591369629, 6.640639781951904, 6.6713151931762695, 4.512530326843262, 9.760622024536133, 2.4093213081359863, 2.8019309043884277, 8.525867462158203, 17.204744338989258, 17.33402442932129, 4.253813743591309, 1.7414162158966064, 12.378060340881348, 9.873594284057617],